Field1,Field2,Text
https://www.guggenheim.org/wp-content/uploads/1919/01/53.1331_ph_web-1.jpg,Alexander Archipenko,Art from the 1910s
https://www.guggenheim.org/wp-content/uploads/1913/01/56.1445_ph_web-1.jpg,Alexander Archipenko,Art from the 1910s
https://www.guggenheim.org/wp-content/uploads/1913/01/57.1483_ph_web-1.jpg,Alexander Archipenko,Art from the 1910s
https://www.guggenheim.org/wp-content/uploads/1911/01/88.3570.R_ph_web-1.jpg,Giacomo Balla,Art from the 1910s
https://www.guggenheim.org/wp-content/uploads/1913/01/76.2553.31_ph_web-1.jpg,Giacomo Balla,Art from the 1910s
https://www.guggenheim.org/wp-content/uploads/1915/01/76.2553.30_ph_web-1.jpg,Umberto Boccioni,Art from the 1910s
https://www.guggenheim.org/wp-content/uploads/1916/01/56.1448_ph_web-1.jpg,Constantin Brancusi,Art from the 1910s
https://www.guggenheim.org/wp-content/uploads/1914/01/53.1332_ph_web-1.jpg,Constantin Brancusi,Art from the 1910s
https://www.guggenheim.org/wp-content/uploads/1916/01/58.1503_web-1.jpg,Constantin Brancusi,Art from the 1910s
https://www.guggenheim.org/wp-content/uploads/2020/04/22/85.3317_ph_web.jpg,Constantin Brancusi,Art from the 1910s
https://www.guggenheim.org/wp-content/uploads/1912/01/76.2553.50_ph_web-1.jpg,Constantin Brancusi,Art from the 1910s
https://www.guggenheim.org/wp-content/uploads/1911/01/56.1446_ph_web-1.jpg,Constantin Brancusi,Art from the 1910s
https://www.guggenheim.org/wp-content/uploads/2022/04/06/81.2821_ph_web.jpg,Georges Braque,Art from the 1910s
https://www.guggenheim.org/wp-content/uploads/1912/01/76.2553.7_ph_web-1.png,Georges Braque,Art from the 1910s
https://www.guggenheim.org/wp-content/uploads/1914/01/41.440_ph_web-1.jpg,Marc Chagall,Art from the 1910s
https://www.guggenheim.org/wp-content/uploads/1913/01/49.1212_ph_web-1.jpg,Marc Chagall,Art from the 1910s
https://www.guggenheim.org/wp-content/uploads/1913/01/37.438_ph_web-1.jpg,Marc Chagall,Art from the 1910s
https://www.guggenheim.org/wp-content/uploads/1911/01/49.1211_ph_web-1.jpg,Marc Chagall,Art from the 1910s
https://www.guggenheim.org/wp-content/uploads/1911/01/76.2553.63_ph_web-1.jpg,Marc Chagall,Art from the 1910s
https://www.guggenheim.org/wp-content/uploads/1910/01/48.1172.91_ph_web-1.jpg,Marc Chagall,Art from the 1910s
https://www.guggenheim.org/wp-content/uploads/1914/01/76.2553.65_ph_web-1.jpg,Giorgio de Chirico,Art from the 1910s
https://www.guggenheim.org/wp-content/uploads/1913/01/76.2553.64_ph_web-1.jpg,Giorgio de Chirico,Art from the 1910s
https://www.guggenheim.org/wp-content/uploads/1913/01/79.2605_ph_web-1.jpg,Joseph Csáky,Art from the 1910s
https://www.guggenheim.org/wp-content/uploads/1912/01/76.2553.36_ph_web-1.jpg,Robert Delaunay,Art from the 1910s
https://www.guggenheim.org/wp-content/uploads/1912/01/41.464_ph_web-1.jpg,Robert Delaunay,Art from the 1910s
https://www.guggenheim.org/wp-content/uploads/1911/01/47.878.R_ph_web-1.jpg,Robert Delaunay,Art from the 1910s
https://www.guggenheim.org/wp-content/uploads/1911/01/46.1036_ph_web-1.jpg,Robert Delaunay,Art from the 1910s
https://www.guggenheim.org/wp-content/uploads/1957/01/2012.20_ph_web-1.jpg,Afro,Art from the 1950s
https://www.guggenheim.org/wp-content/uploads/1957/01/57.1482_ph_web-1.jpg,Afro,Art from the 1950s
https://www.guggenheim.org/wp-content/uploads/1955/01/58.1530_ph_web-1.jpg,Afro,Art from the 1950s
https://www.guggenheim.org/wp-content/uploads/1956/01/77.2339_ph_web-1.jpg,Josef Albers,Art from the 1950s
https://www.guggenheim.org/wp-content/uploads/1959/01/61.1590_ph_web-1.jpg,Josef Albers,Art from the 1950s
https://www.guggenheim.org/wp-content/uploads/1958/01/91.3885_ph_01_web-1.jpg,Josef Albers,Art from the 1950s
https://www.guggenheim.org/wp-content/uploads/1955/01/96.4502.28_ph_web-1.jpg,Josef Albers,Art from the 1950s
https://www.guggenheim.org/wp-content/uploads/1953/01/96.4502.41_ph_web-1.jpg,Josef Albers,Art from the 1950s
https://www.guggenheim.org/wp-content/uploads/1953/01/96.4502.42_ph_web-1.jpg,Josef Albers,Art from the 1950s
https://www.guggenheim.org/wp-content/uploads/1952/01/96.4502.29_ph_web-1.png,Josef Albers,Art from the 1950s
https://www.guggenheim.org/wp-content/uploads/1952/01/96.4502.40_ph_web.jpg,Josef Albers,Art from the 1950s
https://www.guggenheim.org/wp-content/uploads/1952/01/96.4502.39_ph_01_web-1.jpg,Josef Albers,Art from the 1950s
https://www.guggenheim.org/wp-content/uploads/1951/01/96.4502.31_ph_web-1.png,Josef Albers,Art from the 1950s
https://www.guggenheim.org/wp-content/uploads/1952/01/96.4502.34_ph_01_web-1.jpg,Josef Albers,Art from the 1950s
https://www.guggenheim.org/wp-content/uploads/1959/01/67.1848_ph_web-1.jpg,Pierre Alechinsky,Art from the 1950s
https://www.guggenheim.org/wp-content/uploads/1954/01/57.1462_ph_web-1.jpg,Pierre Alechinsky,Art from the 1950s
https://www.guggenheim.org/wp-content/uploads/1956/01/76.2553.174_ph_web-1.jpg,Karel Appel,Art from the 1950s
https://www.guggenheim.org/wp-content/uploads/1953/01/54.1363_ph_web-1.jpg,Karel Appel,Art from the 1950s
https://www.guggenheim.org/wp-content/uploads/1959/01/76.2222_ph_web-1.jpg,Jean Arp,Art from the 1950s
https://www.guggenheim.org/wp-content/uploads/1956/01/76.2553.164_ph_web-1.jpg,Edmondo Bacci,Art from the 1950s
https://www.guggenheim.org/wp-content/uploads/1957/01/76.2553.172_ph_web-1.jpg,Francis Bacon,Art from the 1950s
https://www.guggenheim.org/wp-content/uploads/1957/01/58.1502_ph_web-1.jpg,Martin Barré,Art from the 1950s
https://www.guggenheim.org/wp-content/uploads/1958/01/59.1544_ph_web-1.jpg,William Baziotes,Art from the 1950s
https://www.guggenheim.org/wp-content/uploads/1954/01/80.2764_ph_web-1.jpg,Harry Bertoia,Art from the 1950s
https://www.guggenheim.org/wp-content/uploads/1958/01/GBM2001.2_ph_web-1.jpg,Joseph Beuys,Art from the 1950s
https://www.guggenheim.org/wp-content/uploads/1951/01/92.4002_ph_web-1.jpg,Louise Bourgeois,Art from the 1950s
https://www.guggenheim.org/wp-content/uploads/1955/01/78.2514.2_ph_web.jpg,Georges Braque,Art from the 1950s
https://www.guggenheim.org/wp-content/uploads/1965/01/2001.13_cu_web-1.jpg,Carla Accardi,Art from the 1960s
https://www.guggenheim.org/wp-content/uploads/1960/01/2002.20_ph_web-1.jpg,Carla Accardi,Art from the 1960s
https://www.guggenheim.org/wp-content/uploads/1969/01/97.4568_ph_web-1.jpg,Vito Acconci,Art from the 1960s
https://www.guggenheim.org/wp-content/uploads/1969/01/98.4623_cu_web-1.jpg,Afro,Art from the 1960s
https://www.guggenheim.org/wp-content/uploads/1961/01/2000.1_ph_web-1.jpg,Yaacov Agam,Art from the 1960s
https://www.guggenheim.org/wp-content/uploads/1960/01/2009.2_ph_web-1.jpg,Yaacov Agam,Art from the 1960s
https://www.guggenheim.org/wp-content/uploads/1969/01/69.1916_ph_web-1.jpg,Josef Albers,Art from the 1960s
https://www.guggenheim.org/wp-content/uploads/1969/01/91.3891_ph_web-1.jpg,Josef Albers,Art from the 1960s
https://www.guggenheim.org/wp-content/uploads/1969/01/91.3889_ph_web-1.jpg,Josef Albers,Art from the 1960s
https://www.guggenheim.org/wp-content/uploads/1964/01/69.1917_ph_web-1.jpg,Josef Albers,Art from the 1960s
https://www.guggenheim.org/wp-content/uploads/1961/01/91.3886_ph_web-1.jpg,Josef Albers,Art from the 1960s
https://www.guggenheim.org/wp-content/uploads/1967/01/91.3667_ph_web-1.jpg,Carl Andre,Art from the 1960s
https://www.guggenheim.org/wp-content/uploads/1967/01/91.3673_ph_web-1.jpg,Carl Andre,Art from the 1960s
https://www.guggenheim.org/wp-content/uploads/1968/01/91.3670_ph_web-1.jpg,Carl Andre,Art from the 1960s
https://www.guggenheim.org/wp-content/uploads/1960/01/60.1571_ph_web-1.jpg,Karel Appel,Art from the 1960s
https://www.guggenheim.org/wp-content/uploads/1963/01/76.2553.219_web-1.jpg,Arman,Art from the 1960s
https://www.guggenheim.org/wp-content/uploads/1961/01/85.3255_cu_web-1.jpg,Arman,Art from the 1960s
https://www.guggenheim.org/wp-content/uploads/1960/01/76.2223_ph_web-1.jpg,Jean Arp,Art from the 1960s
https://www.guggenheim.org/wp-content/uploads/1962/01/80.2689_ph_web-1.jpg,Ruth Asawa,Art from the 1960s
https://www.guggenheim.org/wp-content/uploads/1962/01/64.1700_ph_web-1.jpg,Francis Bacon,Art from the 1960s
https://www.guggenheim.org/wp-content/uploads/1966/01/68.1874_ph_web-1.jpg,Jo Baer,Art from the 1960s
https://www.guggenheim.org/wp-content/uploads/2022/04/05/63.1680_ph_web.jpg,Martin Barré,Art from the 1960s
https://www.guggenheim.org/wp-content/uploads/1961/01/63.1630_ph_web-1.jpg,William Baziotes,Art from the 1960s
https://www.guggenheim.org/wp-content/uploads/1980/01/81.2793_ph_web-1.png,Bernd and Hilla Becher,Art from the 1960s
https://www.guggenheim.org/wp-content/uploads/1969/01/77.2318_ph_web-1.jpg,Larry Bell,Art from the 1960s
https://www.guggenheim.org/wp-content/uploads/1960/01/91.3935_ph_web-1.jpg,Joseph Beuys,Art from the 1960s
https://www.guggenheim.org/wp-content/uploads/1966/01/2001.9_cu_web-1.jpg,Agostino Bonalumi,Art from the 1960s
https://www.guggenheim.org/wp-content/uploads/1975/01/98.5211_ph_web-1.jpg,Marina Abramović,Art from the 1970s
https://www.guggenheim.org/wp-content/uploads/1975/01/98.5210_ph_web-1.jpg,Marina Abramović,Art from the 1970s
https://www.guggenheim.org/wp-content/uploads/1974/01/98.5214_ph_web-1.jpg,Marina Abramović,Art from the 1970s
https://www.guggenheim.org/wp-content/uploads/1971/01/97.4569_ph_web-1.jpg,Vito Acconci,Art from the 1970s
https://www.guggenheim.org/wp-content/uploads/1974/01/91.3894_ph_web-1.jpg,Josef Albers,Art from the 1970s
https://www.guggenheim.org/wp-content/uploads/1971/01/91.3895_ph_01_web-1.jpg,Josef Albers,Art from the 1970s
https://www.guggenheim.org/wp-content/uploads/1970/01/91.3890_ph_01_web-1.jpg,Josef Albers,Art from the 1970s
https://www.guggenheim.org/wp-content/uploads/1970/01/91.3888_ph_web-1.jpg,Josef Albers,Art from the 1970s
https://www.guggenheim.org/wp-content/uploads/1977/01/78.2519_ph_web-1.jpg,Carl Andre,Art from the 1970s
https://www.guggenheim.org/wp-content/uploads/1978/01/87.3508_ph_web-1.jpg,Georg Baselitz,Art from the 1970s
https://www.guggenheim.org/wp-content/uploads/1972/01/79.2664_ph_web-1.jpg,Robert Bechtle,Art from the 1970s
https://www.guggenheim.org/wp-content/uploads/1975/01/75.2142_ph_web-1.jpg,Charles Bell,Art from the 1970s
https://www.guggenheim.org/wp-content/uploads/1974/01/2009.4_ph_web.jpg,Lynda Benglis,Art from the 1970s
https://www.guggenheim.org/wp-content/uploads/1973/01/76.2259_ph_web.jpg,Lynda Benglis,Art from the 1970s
https://www.guggenheim.org/wp-content/uploads/1979/01/94.4265_ph_web-1.jpg,Joseph Beuys,Art from the 1970s
https://www.guggenheim.org/wp-content/uploads/1979/01/94.4264_ph_web-1.jpg,Joseph Beuys,Art from the 1970s
https://www.guggenheim.org/wp-content/uploads/1978/01/92.4005_ph_web-1.jpg,Louise Bourgeois,Art from the 1970s
https://www.guggenheim.org/wp-content/uploads/1970/01/92.4004_ph_web-1.jpg,Louise Bourgeois,Art from the 1970s
https://www.guggenheim.org/wp-content/uploads/1976/01/2017.10_ph_web.jpg,Mauricio Bueno,Art from the 1970s
https://www.guggenheim.org/wp-content/uploads/1972/01/82.2868_ph_web-1.jpg,Alexander Calder,Art from the 1970s
https://www.guggenheim.org/wp-content/uploads/1971/01/86.3446_ph_web-1.jpg,Alexander Calder,Art from the 1970s
https://www.guggenheim.org/wp-content/uploads/1977/01/2014.3_cu_web-1.jpg,Enrico Castellani,Art from the 1970s
https://www.guggenheim.org/wp-content/uploads/1977/01/2008.50_ph_web-1.jpg,Sarah Charlesworth,Art from the 1970s
https://www.guggenheim.org/wp-content/uploads/1975/01/80.2717_ph_web.jpg,Chryssa,Art from the 1970s
https://www.guggenheim.org/wp-content/uploads/1971/01/71.1948_ph_web-1.jpg,Mary Corse,Art from the 1970s
https://www.guggenheim.org/wp-content/uploads/1971/01/81.2877_ph_web-1.jpg,Robert Cottingham,Art from the 1970s
https://www.guggenheim.org/wp-content/uploads/1970/01/2017.52_ph_web.jpg,Jaime Davidovich,Art from the 1970s
https://www.guggenheim.org/wp-content/uploads/1981/01/85.3280_cu_web-1.jpg,Pierre Alechinsky,Art from the 1980s
https://www.guggenheim.org/wp-content/uploads/1982/01/97.4563.1-4_ph_web-1.jpg,Lewis Baltz,Art from the 1980s
https://www.guggenheim.org/wp-content/uploads/2022/04/05/2012.24_cu_web.jpg,Bernd and Hilla Becher,Art from the 1980s
https://www.guggenheim.org/wp-content/uploads/1984/01/87.3522_ph_web-1.jpg,Joseph Beuys,Art from the 1980s
https://www.guggenheim.org/wp-content/uploads/1983/01/85.3315_ph_web-1.jpg,Joseph Beuys,Art from the 1980s
https://www.guggenheim.org/wp-content/uploads/1981/01/91.3960_ph_web-1.jpg,Joseph Beuys,Art from the 1980s
https://www.guggenheim.org/wp-content/uploads/1982/01/T80.2014_01_web-1.jpg,Paulo Bruscky with Daniel Santiago,Art from the 1980s
https://www.guggenheim.org/wp-content/uploads/1982/01/T81.2014_web-1.jpg,Paulo Bruscky,Art from the 1980s
https://www.guggenheim.org/wp-content/uploads/1982/01/T82.2014_web-1.jpg,Paulo Bruscky,Art from the 1980s
https://www.guggenheim.org/wp-content/uploads/1986/01/86.3445_ph_web-1.jpg,Alberto Burri,Art from the 1980s
https://www.guggenheim.org/wp-content/uploads/1983/01/2001.92_ph_web-1.jpg,Sophie Calle,Art from the 1980s
https://www.guggenheim.org/wp-content/uploads/1983/01/2001.91_ph_web-1.jpg,Sophie Calle,Art from the 1980s
https://www.guggenheim.org/wp-content/uploads/2022/04/06/2009.46_ph_web.jpg,James Casebere,Art from the 1980s
https://www.guggenheim.org/wp-content/uploads/1982/01/2009.45_ph_web-1.jpg,James Casebere,Art from the 1980s
https://www.guggenheim.org/wp-content/uploads/1982/01/2009.44_ph_web-1.jpg,James Casebere,Art from the 1980s
https://www.guggenheim.org/wp-content/uploads/1980/01/2009.43_ph_web-1.jpg,James Casebere,Art from the 1980s
https://www.guggenheim.org/wp-content/uploads/1980/01/81.2839_ph_web-1.jpg,Chuck Close,Art from the 1980s
https://www.guggenheim.org/wp-content/uploads/1980/01/2009.37_cu_web-1.jpg,Dadamaino,Art from the 1980s
https://www.guggenheim.org/wp-content/uploads/1983/01/2016.2_ph_web.jpg,Paz Errázuriz,Art from the 1980s
https://www.guggenheim.org/wp-content/uploads/1984/01/2017.31_ph_web.jpg,Rotimi Fani-Kayode,Art from the 1980s
https://www.guggenheim.org/wp-content/uploads/1984/01/2017.34_ph_web.jpg,Rotimi Fani-Kayode,Art from the 1980s
https://www.guggenheim.org/wp-content/uploads/1989/01/2018.71_ph_web.jpg,Rotimi Fani-Kayode,Art from the 1980s
https://www.guggenheim.org/wp-content/uploads/1987/01/2015.18.3_web-1.jpg,Peter Fischli and David Weiss,Art from the 1980s
https://www.guggenheim.org/wp-content/uploads/1984/01/GBM1997.28_web-1.jpg,Gilbert & George,Art from the 1980s
https://www.guggenheim.org/wp-content/uploads/1984/01/86.3412_ph_web-1.jpg,Gilbert & George,Art from the 1980s
https://www.guggenheim.org/wp-content/uploads/1988/01/2003.2_ph_web-1.jpg,Nan Goldin,Art from the 1980s
https://www.guggenheim.org/wp-content/uploads/1982/01/2002.47_ph_web-1.jpg,Nan Goldin,Art from the 1980s
https://www.guggenheim.org/wp-content/uploads/1995/01/98.4626_ph_web-1.jpg,Marina Abramović,Art from the 1990s
https://www.guggenheim.org/wp-content/uploads/1997/01/97.4567_ph_web-1.jpg,Vito Acconci,Art from the 1990s
https://www.guggenheim.org/wp-content/uploads/1994/01/96.4515_ph_web-1.jpg,Janine Antoni,Art from the 1990s
https://www.guggenheim.org/wp-content/uploads/1999/01/99.5303_web-1.jpg,Matthew Barney,Art from the 1990s
https://www.guggenheim.org/wp-content/uploads/1997/01/97.4570_web-1.jpg,Matthew Barney,Art from the 1990s
https://www.guggenheim.org/wp-content/uploads/1996/01/96.4516_web-1.jpg,Matthew Barney,Art from the 1990s
https://www.guggenheim.org/wp-content/uploads/1994/01/2013.57_web-1.jpg,Matthew Barney,Art from the 1990s
https://www.guggenheim.org/wp-content/uploads/1998/01/98.4629_ph_web-1.jpg,Uta Barth,Art from the 1990s
https://www.guggenheim.org/wp-content/uploads/1993/01/2004.111_ph_web-1.jpg,Julie Becker,Art from the 1990s
https://www.guggenheim.org/wp-content/uploads/1993/01/2004.110_ph_web-1.jpg,Julie Becker,Art from the 1990s
https://www.guggenheim.org/wp-content/uploads/1994/01/95.4485_ph_web-1.jpg,Ross Bleckner,Art from the 1990s
https://www.guggenheim.org/wp-content/uploads/1999/01/99.5308_ph_web-1.jpg,Oliver Boberg,Art from the 1990s
https://www.guggenheim.org/wp-content/uploads/1999/01/99.5309_ph_web-1.jpg,Oliver Boberg,Art from the 1990s
https://www.guggenheim.org/wp-content/uploads/1994/01/GBM1998.1_ph_web-1.jpg,Christian Boltanski,Art from the 1990s
https://www.guggenheim.org/wp-content/uploads/1999/01/GBM2001.1_ph_web-1.jpg,Louise Bourgeois,Art from the 1990s
https://www.guggenheim.org/wp-content/uploads/1991/01/91.3903_ph_web-1.jpg,Louise Bourgeois,Art from the 1990s
https://www.guggenheim.org/wp-content/uploads/1999/01/2000.66_ph_web-1.jpg,Cecily Brown,Art from the 1990s
https://www.guggenheim.org/wp-content/uploads/1996/01/97.4524.3_ph_web-1.jpg,Cai Guo-Qiang,Art from the 1990s
https://www.guggenheim.org/wp-content/uploads/1996/01/97.4524.1_ph_web-1.jpg,Cai Guo-Qiang,Art from the 1990s
https://www.guggenheim.org/wp-content/uploads/1996/01/97.4524.5_ph_web-1.jpg,Cai Guo-Qiang,Art from the 1990s
https://www.guggenheim.org/wp-content/uploads/1996/01/97.4524.4_ph_web-1.jpg,Cai Guo-Qiang,Art from the 1990s
https://www.guggenheim.org/wp-content/uploads/1996/01/97.4523_ph_web-1.jpg,Cai Guo-Qiang,Art from the 1990s
https://www.guggenheim.org/wp-content/uploads/1995/01/2007.52_ph_web-1.jpg,Cai Guo-Qiang,Art from the 1990s
https://www.guggenheim.org/wp-content/uploads/1991/01/2001.94_ph_web-1.jpg,Sophie Calle,Art from the 1990s
https://www.guggenheim.org/wp-content/uploads/1994/01/97.4550_ph_web-1.jpg,James Casebere,Art from the 1990s
https://www.guggenheim.org/wp-content/uploads/1998/01/2005.44_web-1.jpg,Shu Lea Cheang,Art from the 1990s
https://www.guggenheim.org/wp-content/uploads/1993/01/GBM1997.23_ph_web-1.jpg,Eduardo Chillida,Art from the 1990s
https://www.guggenheim.org/wp-content/uploads/2008/01/2015.82_ph_web-1.jpg,Lida Abdul,Art from the 2000s
https://www.guggenheim.org/wp-content/uploads/2006/01/2012.139.2_cu_web_1-1.jpg,Bani Abidi,Art from the 2000s
https://www.guggenheim.org/wp-content/uploads/2006/01/2012.139.1_cu_web_1-1.jpg,Bani Abidi,Art from the 2000s
https://www.guggenheim.org/wp-content/uploads/2006/01/2012.139.3_cu_web_1-1.jpg,Bani Abidi,Art from the 2000s
https://www.guggenheim.org/wp-content/uploads/2001/01/2012.142_cu_web_1-1.jpg,Reza Afisina,Art from the 2000s
https://www.guggenheim.org/wp-content/uploads/2005/01/2012.138_ph_01_web-1.jpg,Ai Weiwei,Art from the 2000s
https://www.guggenheim.org/wp-content/uploads/2008/01/2009.58_ph_web-1.jpg,Tarek Al-Ghoussein,Art from the 2000s
https://www.guggenheim.org/wp-content/uploads/2001/01/2002.28-29_ph_web-1.jpg,Ricci Albenda,Art from the 2000s
https://www.guggenheim.org/wp-content/uploads/2004/01/2004.88_ph01_web-1.jpg,Siemon Allen,Art from the 2000s
https://www.guggenheim.org/wp-content/uploads/2006/01/2014.6_01_web-1.jpg,Jennifer Allora and Guillermo Calzadilla,Art from the 2000s
https://www.guggenheim.org/wp-content/uploads/2004/01/2004.126_ph_web-1.jpg,David Altmejd,Art from the 2000s
https://www.guggenheim.org/wp-content/uploads/2002/01/2002.59_ph_web-1.jpg,Francis Alÿs in collaboration with Cuauhtémoc Medina and Rafael Ortega,Art from the 2000s
https://www.guggenheim.org/wp-content/uploads/2004/01/2012.146_cu_web_1-1.jpg,Poklong Anading,Art from the 2000s
https://www.guggenheim.org/wp-content/uploads/2008/01/2014.122_web-1.jpg,Claudia Angelmaier,Art from the 2000s
https://www.guggenheim.org/wp-content/uploads/2009/01/2009.30_web-1.jpg,Julieta Aranda,Art from the 2000s
https://www.guggenheim.org/wp-content/uploads/2009/01/2009.26_ph_web-1.jpg,Julieta Aranda,Art from the 2000s
https://www.guggenheim.org/wp-content/uploads/2009/01/2015.84_ph_web-1.jpg,Kader Attia,Art from the 2000s
https://www.guggenheim.org/wp-content/uploads/2004/01/DGT62.2004_ph_web-1.jpg,John Baldessari,Art from the 2000s
https://www.guggenheim.org/wp-content/uploads/2004/01/DGT56.2004_ph_web-1.jpg,John Baldessari,Art from the 2000s
https://www.guggenheim.org/wp-content/uploads/2002/01/2002.33_web-1.jpg,Matthew Barney,Art from the 2000s
https://www.guggenheim.org/wp-content/uploads/2002/01/2003.88_ph_web-1.jpg,Matthew Barney,Art from the 2000s
https://www.guggenheim.org/wp-content/uploads/2009/01/2010.63_cu_web-1.jpg,Yto Barrada,Art from the 2000s
https://www.guggenheim.org/wp-content/uploads/2007/01/2012.9_cu_web-1.jpg,Yael Bartana,Art from the 2000s
https://www.guggenheim.org/wp-content/uploads/2008/01/2011.48_web-1.jpg,Erica Baum,Art from the 2000s
https://www.guggenheim.org/wp-content/uploads/2006/01/2008.16_ph_web-1.jpg,Walead Beshty,Art from the 2000s
https://www.guggenheim.org/wp-content/uploads/2006/01/2011.54_01_web-1.jpg,John Bock,Art from the 2000s
https://www.guggenheim.org/wp-content/uploads/2001/01/2001.72_ph_web-1.jpg,Mark Bradford,Art from the 2000s
https://www.guggenheim.org/wp-content/uploads/2015/01/2017.29_ph_web-1.jpg,Lawrence Abu Hamdan,Art from the 2010s
https://www.guggenheim.org/wp-content/uploads/2013/01/2015.83_ph_web-1.jpg,Abbas Akhavan,Art from the 2010s
https://www.guggenheim.org/wp-content/uploads/2011/01/2012.145_cu_web_1-1.jpg,Khadim Ali,Art from the 2010s
https://www.guggenheim.org/wp-content/uploads/2011/01/2012.143_cu_web_1-1.jpg,Khadim Ali,Art from the 2010s
https://www.guggenheim.org/wp-content/uploads/2010/01/2012.144_cu_web_1-1.jpg,Khadim Ali,Art from the 2010s
https://www.guggenheim.org/wp-content/uploads/2022/04/05/2012.202_web.jpg,Paweł Althamer,Art from the 2010s
https://www.guggenheim.org/wp-content/uploads/2011/01/2012.200_ph_web-1.jpg,Paweł Althamer,Art from the 2010s
https://www.guggenheim.org/wp-content/uploads/2011/01/2012.201_ph_web-1.jpg,Paweł Althamer,Art from the 2010s
https://www.guggenheim.org/wp-content/uploads/2011/01/2012.199_ph_web-1.jpg,Paweł Althamer,Art from the 2010s
https://www.guggenheim.org/wp-content/uploads/2011/01/2012.198_ph_web-1.jpg,Paweł Althamer,Art from the 2010s
https://www.guggenheim.org/wp-content/uploads/2011/01/2012.197_ph_web-1.jpg,Paweł Althamer,Art from the 2010s
https://www.guggenheim.org/wp-content/uploads/2011/01/2012.196_ph_web-1.jpg,Paweł Althamer,Art from the 2010s
https://www.guggenheim.org/wp-content/uploads/2011/01/2012.195_ph_web-1.jpg,Paweł Althamer,Art from the 2010s
https://www.guggenheim.org/wp-content/uploads/2011/01/2012.194_ph_web-1.jpg,Paweł Althamer,Art from the 2010s
https://www.guggenheim.org/wp-content/uploads/2011/01/2012.193_ph_web-1.jpg,Paweł Althamer,Art from the 2010s
https://www.guggenheim.org/wp-content/uploads/2011/01/2012.192_ph_web-1.jpg,Paweł Althamer,Art from the 2010s
https://www.guggenheim.org/wp-content/uploads/2011/01/2012.191_ph_web-1.jpg,Paweł Althamer,Art from the 2010s
https://www.guggenheim.org/wp-content/uploads/2011/01/2012.190_ph_web-1.jpg,Paweł Althamer,Art from the 2010s
https://www.guggenheim.org/wp-content/uploads/2011/01/2012.189_ph_web-1.jpg,Paweł Althamer,Art from the 2010s
https://www.guggenheim.org/wp-content/uploads/2011/01/2012.188_ph_web-1.jpg,Paweł Althamer,Art from the 2010s
https://www.guggenheim.org/wp-content/uploads/2011/01/2012.187_ph_web-1.jpg,Paweł Althamer,Art from the 2010s
https://www.guggenheim.org/wp-content/uploads/2011/01/2012.186_ph_web-1.jpg,Paweł Althamer,Art from the 2010s
https://www.guggenheim.org/wp-content/uploads/2011/01/2012.185_ph_web-1.jpg,Paweł Althamer,Art from the 2010s
https://www.guggenheim.org/wp-content/uploads/2012/01/2014.7_web-1.jpg,Carlos Amorales,Art from the 2010s
https://www.guggenheim.org/wp-content/uploads/2013/01/2014.9_web-1.jpg,Armando Andrade Tudela,Art from the 2010s
https://www.guggenheim.org/wp-content/uploads/2012/01/2014.10_01_web-1.jpg,Alexander Apóstol,Art from the 2010s
https://www.guggenheim.org/wp-content/uploads/2016/01/2018.2_ph_web.jpg,Lucas Arruda,Art from the 2010s
